{
    "loss": 0.4123436510562897,
    "accuracy": 0.9390243887901306
}